﻿{
  "openapi": "3.0.2",
  "info": {
    "title": "FastAPI",
    "version": "0.1.0"
  },
  "paths": {
    "/api/weather": {
      "get": {
        "summary": "Weather",
        "operationId": "weather_api_weather_get",
        "parameters": [
          {
            "required": true,
            "schema": {
              "title": "City",
              "type": "string"
            },
            "name": "city",
            "in": "query"
          },
          {
            "required": false,
            "schema": {
              "title": "Country",
              "type": "string",
              "default": "US"
            },
            "name": "country",
            "in": "query"
          },
          {
            "required": false,
            "schema": {
              "title": "State",
              "type": "string"
            },
            "name": "state",
            "in": "query"
          },
          {
            "required": false,
            "schema": {
              "title": "Units",
              "type": "string",
              "default": "metric"
            },
            "name": "units",
            "in": "query"
          }
        ],
        "responses": {
          "200": {
            "description": "Successful Response",
            "content": {
              "application/json": {
                "schema": {
                  "$ref": "#/components/schemas/Forecast"
                }
              }
            }
          },
          "422": {
            "description": "Validation Error",
            "content": {
              "application/json": {
                "schema": {
                  "$ref": "#/components/schemas/HTTPValidationError"
                }
              }
            }
          }
        }
      }
    }
  },
  "components": {
    "schemas": {
      "Forecast": {
        "title": "Forecast",
        "required": [
          "weather",
          "wind",
          "units",
          "forecast",
          "location",
          "rate_limiting"
        ],
        "type": "object",
        "properties": {
          "weather": {
            "$ref": "#/components/schemas/Weather"
          },
          "wind": {
            "$ref": "#/components/schemas/Wind"
          },
          "units": {
            "title": "Units",
            "type": "string"
          },
          "forecast": {
            "$ref": "#/components/schemas/ForecastDetails"
          },
          "location": {
            "$ref": "#/components/schemas/Location"
          },
          "rate_limiting": {
            "$ref": "#/components/schemas/RateLimiting"
          }
        }
      },
      "ForecastDetails": {
        "title": "ForecastDetails",
        "required": [
          "temp",
          "feels_like",
          "pressure",
          "humidity",
          "low",
          "high"
        ],
        "type": "object",
        "properties": {
          "temp": {
            "title": "Temp",
            "type": "number"
          },
          "feels_like": {
            "title": "Feels Like",
            "type": "number"
          },
          "pressure": {
            "title": "Pressure",
            "type": "integer"
          },
          "humidity": {
            "title": "Humidity",
            "type": "integer"
          },
          "low": {
            "title": "Low",
            "type": "integer"
          },
          "high": {
            "title": "High",
            "type": "integer"
          }
        }
      },
      "HTTPValidationError": {
        "title": "HTTPValidationError",
        "type": "object",
        "properties": {
          "detail": {
            "title": "Detail",
            "type": "array",
            "items": {
              "$ref": "#/components/schemas/ValidationError"
            }
          }
        }
      },
      "Location": {
        "title": "Location",
        "required": [
          "city",
          "country"
        ],
        "type": "object",
        "properties": {
          "city": {
            "title": "City",
            "type": "string"
          },
          "state": {
            "title": "State",
            "type": "string"
          },
          "country": {
            "title": "Country",
            "type": "string"
          }
        }
      },
      "RateLimiting": {
        "title": "RateLimiting",
        "required": [
          "unique_lookups_remaining",
          "lookup_reset_window"
        ],
        "type": "object",
        "properties": {
          "unique_lookups_remaining": {
            "title": "Unique Lookups Remaining",
            "type": "integer"
          },
          "lookup_reset_window": {
            "title": "Lookup Reset Window",
            "type": "string"
          }
        }
      },
      "ValidationError": {
        "title": "ValidationError",
        "required": [
          "loc",
          "msg",
          "type"
        ],
        "type": "object",
        "properties": {
          "loc": {
            "title": "Location",
            "type": "array",
            "items": {
              "type": "string"
            }
          },
          "msg": {
            "title": "Message",
            "type": "string"
          },
          "type": {
            "title": "Error Type",
            "type": "string"
          }
        }
      },
      "Weather": {
        "title": "Weather",
        "required": [
          "description",
          "category"
        ],
        "type": "object",
        "properties": {
          "description": {
            "title": "Description",
            "type": "string"
          },
          "category": {
            "title": "Category",
            "type": "string"
          }
        }
      },
      "Wind": {
        "title": "Wind",
        "required": [
          "speed",
          "deg"
        ],
        "type": "object",
        "properties": {
          "speed": {
            "title": "Speed",
            "type": "number"
          },
          "deg": {
            "title": "Deg",
            "type": "integer"
          }
        }
      }
    }
  }
}